{
  "Actor": {
    "types": ["character", "NPC"],
    "character": {
      "pronouns": "",
      "luck": 4,
      "organisation": "",
      "background": "",
      "consequences": "",
      "notes": ""
    },
    "NPC": {
      "pronouns": "",
      "species": "",
      "mannerism": "",
      "storyprompt": "",
      "notes": ""
    }
  },
  "Item": {
    "types": ["trait", "quirk", "core", "niche", "party", "mannerism"],
    "trait": {
      "description": ""
    },
    "quirk": {
      "description": ""
    },
    "core": {
      "description": ""
    },
    "niche": {
      "description": ""
    },
    "party": {
      "organisation": "",
      "goal": "",
      "partypast": "",
      "partypresent": ""
    },
    "mannerism": {
      "description": ""
    }
  }
}
